Datetime,Water Level (m)
2025-03-20 06:00:00,-0.5690918
2025-03-20 07:00:00,-0.35251114
2025-03-20 08:00:00,-0.1249706
2025-03-20 09:00:00,0.11378706
2025-03-20 10:00:00,0.29353297
2025-03-20 11:00:00,0.3240801
2025-03-20 12:00:00,0.1875425
2025-03-20 13:00:00,0.028227061
2025-03-20 14:00:00,-0.13454452
2025-03-20 15:00:00,-0.30321997
2025-03-20 16:00:00,-0.46387437
2025-03-20 17:00:00,-0.56906325
2025-03-20 18:00:00,-0.49288118
2025-03-20 19:00:00,-0.31590864
2025-03-20 20:00:00,-0.13519132
2025-03-20 21:00:00,0.036197495
2025-03-20 22:00:00,0.1433587
2025-03-20 23:00:00,0.09781634
2025-03-21 00:00:00,-0.0464087
2025-03-21 01:00:00,-0.19378194
2025-03-21 02:00:00,-0.3556562
2025-03-21 03:00:00,-0.5215466
2025-03-21 04:00:00,-0.67834544
2025-03-21 05:00:00,-0.79576796
2025-03-21 06:00:00,-0.76030713
2025-03-21 07:00:00,-0.576653
2025-03-21 08:00:00,-0.36803606
2025-03-21 09:00:00,-0.14727056
2025-03-21 10:00:00,0.055920254
2025-03-21 11:00:00,0.17807803
2025-03-21 12:00:00,0.14535685
2025-03-21 13:00:00,0.010982851
2025-03-21 14:00:00,-0.1229142
2025-03-21 15:00:00,-0.26004377
2025-03-21 16:00:00,-0.39555717
2025-03-21 17:00:00,-0.5093287
2025-03-21 18:00:00,-0.55872184
2025-03-21 19:00:00,-0.4794415
2025-03-21 20:00:00,-0.34465113
2025-03-21 21:00:00,-0.20905617
2025-03-21 22:00:00,-0.09701616
2025-03-21 23:00:00,-0.05848124
2025-03-22 00:00:00,-0.14086653
2025-03-22 01:00:00,-0.26202545
2025-03-22 02:00:00,-0.38945815
2025-03-22 03:00:00,-0.5259657
2025-03-22 04:00:00,-0.65930665
2025-03-22 05:00:00,-0.7648713
2025-03-22 06:00:00,-0.79135126
2025-03-22 07:00:00,-0.67902714
2025-03-22 08:00:00,-0.523012
2025-03-22 09:00:00,-0.34405157
2025-03-22 10:00:00,-0.14996752
2025-03-22 11:00:00,0.028453385
2025-03-22 12:00:00,0.15105678
2025-03-22 13:00:00,0.16847241
2025-03-22 14:00:00,0.07442717
2025-03-22 15:00:00,-0.045484215
2025-03-22 16:00:00,-0.16785918
2025-03-22 17:00:00,-0.28987974
2025-03-22 18:00:00,-0.39696017
2025-03-22 19:00:00,-0.46504736
2025-03-22 20:00:00,-0.43909916
2025-03-22 21:00:00,-0.34538558
2025-03-22 22:00:00,-0.2806939
2025-03-22 23:00:00,-0.26758927
2025-03-23 00:00:00,-0.32028225
2025-03-23 01:00:00,-0.34609807
2025-03-23 02:00:00,-0.31849176
2025-03-23 03:00:00,-0.3627651
2025-03-23 04:00:00,-0.4712073
2025-03-23 05:00:00,-0.5834469
2025-03-23 06:00:00,-0.67803633
2025-03-23 07:00:00,-0.7242491
2025-03-23 08:00:00,-0.6590352
2025-03-23 09:00:00,-0.5348767
2025-03-23 10:00:00,-0.39823508
2025-03-23 11:00:00,-0.24292219
2025-03-23 12:00:00,-0.08730606
2025-03-23 13:00:00,0.049160253
2025-03-23 14:00:00,0.14190601
2025-03-23 15:00:00,0.14165425
2025-03-23 16:00:00,0.047922138
2025-03-23 17:00:00,-0.07222977
2025-03-23 18:00:00,-0.19682673
2025-03-23 19:00:00,-0.32207137
2025-03-23 20:00:00,-0.43451303
2025-03-23 21:00:00,-0.5133135
2025-03-23 22:00:00,-0.5320777
2025-03-23 23:00:00,-0.46079642
2025-03-24 00:00:00,-0.3480429
2025-03-24 01:00:00,-0.23966773
2025-03-24 02:00:00,-0.16032423
2025-03-24 03:00:00,-0.14475131
2025-03-24 04:00:00,-0.21097678
2025-03-24 05:00:00,-0.30875975
2025-03-24 06:00:00,-0.41482863
2025-03-24 07:00:00,-0.52546144
2025-03-24 08:00:00,-0.62520266
2025-03-24 09:00:00,-0.67833906
2025-03-24 10:00:00,-0.612699
2025-03-24 11:00:00,-0.4715829
2025-03-24 12:00:00,-0.29761744
2025-03-24 13:00:00,-0.0986519
2025-03-24 14:00:00,0.099033765
2025-03-24 15:00:00,0.2504688
2025-03-24 16:00:00,0.30799147
2025-03-24 17:00:00,0.2350466
2025-03-24 18:00:00,0.10320474
2025-03-24 19:00:00,-0.04443171
2025-03-24 20:00:00,-0.2034705
2025-03-24 21:00:00,-0.36390635
2025-03-24 22:00:00,-0.5063832
2025-03-24 23:00:00,-0.58816457
2025-03-25 00:00:00,-0.51188177
2025-03-25 01:00:00,-0.3485764
2025-03-25 02:00:00,-0.18008533
2025-03-25 03:00:00,-0.024031887
2025-03-25 04:00:00,0.07588207
2025-03-25 05:00:00,0.055359595
2025-03-25 06:00:00,-0.06427687
2025-03-25 07:00:00,-0.19620368
2025-03-25 08:00:00,-0.34023744
2025-03-25 09:00:00,-0.48595563
2025-03-25 10:00:00,-0.610313
2025-03-25 11:00:00,-0.6455624
2025-03-25 12:00:00,-0.48835668
2025-03-25 13:00:00,-0.28172663
2025-03-25 14:00:00,-0.049088977
2025-03-25 15:00:00,0.19594786
2025-03-25 16:00:00,0.39762864
2025-03-25 17:00:00,0.4939785
2025-03-25 18:00:00,0.41192928
2025-03-25 19:00:00,0.24785507
2025-03-25 20:00:00,0.07602176
2025-03-25 21:00:00,-0.11028325
2025-03-25 22:00:00,-0.2980516
2025-03-25 23:00:00,-0.47653636
2025-03-26 00:00:00,-0.59908813
2025-03-26 01:00:00,-0.50120616
2025-03-26 02:00:00,-0.28426892
2025-03-26 03:00:00,-0.06037194
2025-03-26 04:00:00,0.149537
2025-03-26 05:00:00,0.2818266
2025-03-26 06:00:00,0.257966
